record_id,region_code,country,year,month,channel,spend_usd,spend_local,currency
MKT-UAE-2023-01-DIG,UAE,United Arab Emirates,2023,1,Digital Ads,352487.36,1293628.62,AED
MKT-UAE-2023-01-TV ,UAE,United Arab Emirates,2023,1,TV & Radio,277499.56,1018423.4,AED
MKT-UAE-2023-01-IN-,UAE,United Arab Emirates,2023,1,In-Store Promotions,215718.52,791686.95,AED
MKT-UAE-2023-01-SOC,UAE,United Arab Emirates,2023,1,Social Media,159548.0,585541.15,AED
MKT-UAE-2023-01-OUT,UAE,United Arab Emirates,2023,1,Outdoor Billboards,132109.44,484841.65,AED
MKT-UAE-2023-01-EMA,UAE,United Arab Emirates,2023,1,Email Campaigns,63237.02,232079.85,AED
MKT-UAE-2023-02-DIG,UAE,United Arab Emirates,2023,2,Digital Ads,296109.51,1086721.92,AED
MKT-UAE-2023-02-TV ,UAE,United Arab Emirates,2023,2,TV & Radio,269886.44,990483.24,AED
MKT-UAE-2023-02-IN-,UAE,United Arab Emirates,2023,2,In-Store Promotions,242423.29,889693.49,AED
MKT-UAE-2023-02-SOC,UAE,United Arab Emirates,2023,2,Social Media,181522.71,666188.34,AED
MKT-UAE-2023-02-OUT,UAE,United Arab Emirates,2023,2,Outdoor Billboards,121856.96,447215.04,AED
MKT-UAE-2023-02-EMA,UAE,United Arab Emirates,2023,2,Email Campaigns,67053.57,246086.59,AED
MKT-UAE-2023-03-DIG,UAE,United Arab Emirates,2023,3,Digital Ads,331454.27,1216437.18,AED
MKT-UAE-2023-03-TV ,UAE,United Arab Emirates,2023,3,TV & Radio,290124.3,1064756.19,AED
MKT-UAE-2023-03-IN-,UAE,United Arab Emirates,2023,3,In-Store Promotions,215242.08,789938.42,AED
MKT-UAE-2023-03-SOC,UAE,United Arab Emirates,2023,3,Social Media,171060.5,627792.03,AED
MKT-UAE-2023-03-OUT,UAE,United Arab Emirates,2023,3,Outdoor Billboards,119491.77,438534.78,AED
MKT-UAE-2023-03-EMA,UAE,United Arab Emirates,2023,3,Email Campaigns,60691.85,222739.11,AED
MKT-UAE-2023-04-DIG,UAE,United Arab Emirates,2023,4,Digital Ads,309407.7,1135526.26,AED
MKT-UAE-2023-04-TV ,UAE,United Arab Emirates,2023,4,TV & Radio,269742.38,989954.53,AED
MKT-UAE-2023-04-IN-,UAE,United Arab Emirates,2023,4,In-Store Promotions,242888.2,891399.68,AED
MKT-UAE-2023-04-SOC,UAE,United Arab Emirates,2023,4,Social Media,187196.63,687011.64,AED
MKT-UAE-2023-04-OUT,UAE,United Arab Emirates,2023,4,Outdoor Billboards,112863.42,414208.77,AED
MKT-UAE-2023-04-EMA,UAE,United Arab Emirates,2023,4,Email Campaigns,66278.7,243242.81,AED
MKT-UAE-2023-05-DIG,UAE,United Arab Emirates,2023,5,Digital Ads,323252.91,1186338.16,AED
MKT-UAE-2023-05-TV ,UAE,United Arab Emirates,2023,5,TV & Radio,280635.87,1029933.66,AED
MKT-UAE-2023-05-IN-,UAE,United Arab Emirates,2023,5,In-Store Promotions,225709.19,828352.74,AED
MKT-UAE-2023-05-SOC,UAE,United Arab Emirates,2023,5,Social Media,166291.7,610290.53,AED
MKT-UAE-2023-05-OUT,UAE,United Arab Emirates,2023,5,Outdoor Billboards,120912.82,443750.04,AED
MKT-UAE-2023-05-EMA,UAE,United Arab Emirates,2023,5,Email Campaigns,54580.77,200311.42,AED
MKT-UAE-2023-06-DIG,UAE,United Arab Emirates,2023,6,Digital Ads,365928.66,1342958.17,AED
MKT-UAE-2023-06-TV ,UAE,United Arab Emirates,2023,6,TV & Radio,307061.1,1126914.25,AED
MKT-UAE-2023-06-IN-,UAE,United Arab Emirates,2023,6,In-Store Promotions,266118.85,976656.18,AED
MKT-UAE-2023-06-SOC,UAE,United Arab Emirates,2023,6,Social Media,231394.7,849218.55,AED
MKT-UAE-2023-06-OUT,UAE,United Arab Emirates,2023,6,Outdoor Billboards,123779.23,454269.76,AED
MKT-UAE-2023-06-EMA,UAE,United Arab Emirates,2023,6,Email Campaigns,66302.57,243330.42,AED
MKT-UAE-2023-07-DIG,UAE,United Arab Emirates,2023,7,Digital Ads,320062.89,1174630.79,AED
MKT-UAE-2023-07-TV ,UAE,United Arab Emirates,2023,7,TV & Radio,273639.04,1004255.26,AED
MKT-UAE-2023-07-IN-,UAE,United Arab Emirates,2023,7,In-Store Promotions,218636.0,802394.11,AED
MKT-UAE-2023-07-SOC,UAE,United Arab Emirates,2023,7,Social Media,194534.96,713943.3,AED
MKT-UAE-2023-07-OUT,UAE,United Arab Emirates,2023,7,Outdoor Billboards,106638.09,391361.79,AED
MKT-UAE-2023-07-EMA,UAE,United Arab Emirates,2023,7,Email Campaigns,55026.98,201949.0,AED
MKT-UAE-2023-08-DIG,UAE,United Arab Emirates,2023,8,Digital Ads,298401.29,1095132.72,AED
MKT-UAE-2023-08-TV ,UAE,United Arab Emirates,2023,8,TV & Radio,259860.06,953686.42,AED
MKT-UAE-2023-08-IN-,UAE,United Arab Emirates,2023,8,In-Store Promotions,250106.2,917889.75,AED
MKT-UAE-2023-08-SOC,UAE,United Arab Emirates,2023,8,Social Media,159899.4,586830.79,AED
MKT-UAE-2023-08-OUT,UAE,United Arab Emirates,2023,8,Outdoor Billboards,127230.25,466935.01,AED
MKT-UAE-2023-08-EMA,UAE,United Arab Emirates,2023,8,Email Campaigns,61193.08,224578.6,AED
MKT-UAE-2023-09-DIG,UAE,United Arab Emirates,2023,9,Digital Ads,325085.14,1193062.46,AED
MKT-UAE-2023-09-TV ,UAE,United Arab Emirates,2023,9,TV & Radio,233674.46,857585.28,AED
MKT-UAE-2023-09-IN-,UAE,United Arab Emirates,2023,9,In-Store Promotions,265496.32,974371.48,AED
MKT-UAE-2023-09-SOC,UAE,United Arab Emirates,2023,9,Social Media,199748.0,733075.17,AED
MKT-UAE-2023-09-OUT,UAE,United Arab Emirates,2023,9,Outdoor Billboards,113233.81,415568.1,AED
MKT-UAE-2023-09-EMA,UAE,United Arab Emirates,2023,9,Email Campaigns,57614.72,211446.01,AED
MKT-UAE-2023-10-DIG,UAE,United Arab Emirates,2023,10,Digital Ads,311824.98,1144397.66,AED
MKT-UAE-2023-10-TV ,UAE,United Arab Emirates,2023,10,TV & Radio,250767.69,920317.44,AED
MKT-UAE-2023-10-IN-,UAE,United Arab Emirates,2023,10,In-Store Promotions,249789.75,916728.37,AED
MKT-UAE-2023-10-SOC,UAE,United Arab Emirates,2023,10,Social Media,194508.52,713846.27,AED
MKT-UAE-2023-10-OUT,UAE,United Arab Emirates,2023,10,Outdoor Billboards,122703.99,450323.66,AED
MKT-UAE-2023-10-EMA,UAE,United Arab Emirates,2023,10,Email Campaigns,57306.54,210315.0,AED
MKT-UAE-2023-11-DIG,UAE,United Arab Emirates,2023,11,Digital Ads,395100.32,1450018.17,AED
MKT-UAE-2023-11-TV ,UAE,United Arab Emirates,2023,11,TV & Radio,277437.88,1018197.02,AED
MKT-UAE-2023-11-IN-,UAE,United Arab Emirates,2023,11,In-Store Promotions,301324.26,1105860.04,AED
MKT-UAE-2023-11-SOC,UAE,United Arab Emirates,2023,11,Social Media,210422.31,772249.89,AED
MKT-UAE-2023-11-OUT,UAE,United Arab Emirates,2023,11,Outdoor Billboards,131303.63,481884.34,AED
MKT-UAE-2023-11-EMA,UAE,United Arab Emirates,2023,11,Email Campaigns,67315.1,247046.41,AED
MKT-UAE-2023-12-DIG,UAE,United Arab Emirates,2023,12,Digital Ads,424124.96,1556538.59,AED
MKT-UAE-2023-12-TV ,UAE,United Arab Emirates,2023,12,TV & Radio,352737.88,1294548.03,AED
MKT-UAE-2023-12-IN-,UAE,United Arab Emirates,2023,12,In-Store Promotions,297212.51,1090769.91,AED
MKT-UAE-2023-12-SOC,UAE,United Arab Emirates,2023,12,Social Media,253357.15,929820.72,AED
MKT-UAE-2023-12-OUT,UAE,United Arab Emirates,2023,12,Outdoor Billboards,172434.43,632834.37,AED
MKT-UAE-2023-12-EMA,UAE,United Arab Emirates,2023,12,Email Campaigns,69615.33,255488.26,AED
MKT-UAE-2024-01-DIG,UAE,United Arab Emirates,2024,1,Digital Ads,375583.86,1378392.75,AED
MKT-UAE-2024-01-TV ,UAE,United Arab Emirates,2024,1,TV & Radio,290563.02,1066366.28,AED
MKT-UAE-2024-01-IN-,UAE,United Arab Emirates,2024,1,In-Store Promotions,214380.34,786775.86,AED
MKT-UAE-2024-01-SOC,UAE,United Arab Emirates,2024,1,Social Media,180353.72,661898.16,AED
MKT-UAE-2024-01-OUT,UAE,United Arab Emirates,2024,1,Outdoor Billboards,131291.93,481841.39,AED
MKT-UAE-2024-01-EMA,UAE,United Arab Emirates,2024,1,Email Campaigns,65134.02,239041.87,AED
MKT-UAE-2024-02-DIG,UAE,United Arab Emirates,2024,2,Digital Ads,340689.52,1250330.54,AED
MKT-UAE-2024-02-TV ,UAE,United Arab Emirates,2024,2,TV & Radio,290525.01,1066226.8,AED
MKT-UAE-2024-02-IN-,UAE,United Arab Emirates,2024,2,In-Store Promotions,212466.68,779752.73,AED
MKT-UAE-2024-02-SOC,UAE,United Arab Emirates,2024,2,Social Media,166731.03,611902.88,AED
MKT-UAE-2024-02-OUT,UAE,United Arab Emirates,2024,2,Outdoor Billboards,130011.13,477140.83,AED
MKT-UAE-2024-02-EMA,UAE,United Arab Emirates,2024,2,Email Campaigns,62679.38,230033.31,AED
MKT-UAE-2024-03-DIG,UAE,United Arab Emirates,2024,3,Digital Ads,296739.95,1089035.63,AED
MKT-UAE-2024-03-TV ,UAE,United Arab Emirates,2024,3,TV & Radio,265810.39,975524.13,AED
MKT-UAE-2024-03-IN-,UAE,United Arab Emirates,2024,3,In-Store Promotions,224569.21,824169.0,AED
MKT-UAE-2024-03-SOC,UAE,United Arab Emirates,2024,3,Social Media,168235.82,617425.46,AED
MKT-UAE-2024-03-OUT,UAE,United Arab Emirates,2024,3,Outdoor Billboards,124276.69,456095.45,AED
MKT-UAE-2024-03-EMA,UAE,United Arab Emirates,2024,3,Email Campaigns,59694.33,219078.18,AED
MKT-UAE-2024-04-DIG,UAE,United Arab Emirates,2024,4,Digital Ads,358767.28,1316675.93,AED
MKT-UAE-2024-04-TV ,UAE,United Arab Emirates,2024,4,TV & Radio,284131.3,1042761.87,AED
MKT-UAE-2024-04-IN-,UAE,United Arab Emirates,2024,4,In-Store Promotions,229902.8,843743.28,AED
MKT-UAE-2024-04-SOC,UAE,United Arab Emirates,2024,4,Social Media,183764.43,674415.44,AED
MKT-UAE-2024-04-OUT,UAE,United Arab Emirates,2024,4,Outdoor Billboards,125759.96,461539.05,AED
MKT-UAE-2024-04-EMA,UAE,United Arab Emirates,2024,4,Email Campaigns,53734.02,197203.85,AED
MKT-UAE-2024-05-DIG,UAE,United Arab Emirates,2024,5,Digital Ads,372103.66,1365620.42,AED
MKT-UAE-2024-05-TV ,UAE,United Arab Emirates,2024,5,TV & Radio,267371.08,981251.87,AED
MKT-UAE-2024-05-IN-,UAE,United Arab Emirates,2024,5,In-Store Promotions,230835.03,847164.55,AED
MKT-UAE-2024-05-SOC,UAE,United Arab Emirates,2024,5,Social Media,159222.79,584347.65,AED
MKT-UAE-2024-05-OUT,UAE,United Arab Emirates,2024,5,Outdoor Billboards,120517.26,442298.33,AED
MKT-UAE-2024-05-EMA,UAE,United Arab Emirates,2024,5,Email Campaigns,60396.47,221655.03,AED
MKT-UAE-2024-06-DIG,UAE,United Arab Emirates,2024,6,Digital Ads,365918.95,1342922.56,AED
MKT-UAE-2024-06-TV ,UAE,United Arab Emirates,2024,6,TV & Radio,331445.24,1216404.03,AED
MKT-UAE-2024-06-IN-,UAE,United Arab Emirates,2024,6,In-Store Promotions,289371.34,1061992.81,AED
MKT-UAE-2024-06-SOC,UAE,United Arab Emirates,2024,6,Social Media,209108.32,767427.54,AED
MKT-UAE-2024-06-OUT,UAE,United Arab Emirates,2024,6,Outdoor Billboards,152205.03,558592.46,AED
MKT-UAE-2024-06-EMA,UAE,United Arab Emirates,2024,6,Email Campaigns,70494.74,258715.7,AED
MKT-UAE-2024-07-DIG,UAE,United Arab Emirates,2024,7,Digital Ads,343605.88,1261033.58,AED
MKT-UAE-2024-07-TV ,UAE,United Arab Emirates,2024,7,TV & Radio,245836.03,902218.21,AED
MKT-UAE-2024-07-IN-,UAE,United Arab Emirates,2024,7,In-Store Promotions,231809.96,850742.54,AED
MKT-UAE-2024-07-SOC,UAE,United Arab Emirates,2024,7,Social Media,167671.37,615353.92,AED
MKT-UAE-2024-07-OUT,UAE,United Arab Emirates,2024,7,Outdoor Billboards,134095.24,492129.53,AED
MKT-UAE-2024-07-EMA,UAE,United Arab Emirates,2024,7,Email Campaigns,64978.28,238470.28,AED
MKT-UAE-2024-08-DIG,UAE,United Arab Emirates,2024,8,Digital Ads,357654.01,1312590.22,AED
MKT-UAE-2024-08-TV ,UAE,United Arab Emirates,2024,8,TV & Radio,289661.74,1063058.58,AED
MKT-UAE-2024-08-IN-,UAE,United Arab Emirates,2024,8,In-Store Promotions,234155.51,859350.71,AED
MKT-UAE-2024-08-SOC,UAE,United Arab Emirates,2024,8,Social Media,189411.38,695139.76,AED
MKT-UAE-2024-08-OUT,UAE,United Arab Emirates,2024,8,Outdoor Billboards,120800.85,443339.12,AED
MKT-UAE-2024-08-EMA,UAE,United Arab Emirates,2024,8,Email Campaigns,64995.29,238532.72,AED
MKT-UAE-2024-09-DIG,UAE,United Arab Emirates,2024,9,Digital Ads,340324.94,1248992.55,AED
MKT-UAE-2024-09-TV ,UAE,United Arab Emirates,2024,9,TV & Radio,270171.83,991530.61,AED
MKT-UAE-2024-09-IN-,UAE,United Arab Emirates,2024,9,In-Store Promotions,239970.33,880691.1,AED
MKT-UAE-2024-09-SOC,UAE,United Arab Emirates,2024,9,Social Media,192795.25,707558.57,AED
MKT-UAE-2024-09-OUT,UAE,United Arab Emirates,2024,9,Outdoor Billboards,125934.01,462177.8,AED
MKT-UAE-2024-09-EMA,UAE,United Arab Emirates,2024,9,Email Campaigns,65139.83,239063.18,AED
MKT-UAE-2024-10-DIG,UAE,United Arab Emirates,2024,10,Digital Ads,332902.75,1221753.08,AED
MKT-UAE-2024-10-TV ,UAE,United Arab Emirates,2024,10,TV & Radio,256502.79,941365.23,AED
MKT-UAE-2024-10-IN-,UAE,United Arab Emirates,2024,10,In-Store Promotions,212918.23,781409.9,AED
MKT-UAE-2024-10-SOC,UAE,United Arab Emirates,2024,10,Social Media,167310.3,614028.81,AED
MKT-UAE-2024-10-OUT,UAE,United Arab Emirates,2024,10,Outdoor Billboards,128673.76,472232.69,AED
MKT-UAE-2024-10-EMA,UAE,United Arab Emirates,2024,10,Email Campaigns,60565.1,222273.9,AED
MKT-UAE-2024-11-DIG,UAE,United Arab Emirates,2024,11,Digital Ads,371434.57,1363164.88,AED
MKT-UAE-2024-11-TV ,UAE,United Arab Emirates,2024,11,TV & Radio,335180.63,1230112.91,AED
MKT-UAE-2024-11-IN-,UAE,United Arab Emirates,2024,11,In-Store Promotions,256150.04,940070.66,AED
MKT-UAE-2024-11-SOC,UAE,United Arab Emirates,2024,11,Social Media,206087.99,756342.94,AED
MKT-UAE-2024-11-OUT,UAE,United Arab Emirates,2024,11,Outdoor Billboards,145158.13,532730.33,AED
MKT-UAE-2024-11-EMA,UAE,United Arab Emirates,2024,11,Email Campaigns,73760.0,270699.21,AED
MKT-UAE-2024-12-DIG,UAE,United Arab Emirates,2024,12,Digital Ads,418927.6,1537464.3,AED
MKT-UAE-2024-12-TV ,UAE,United Arab Emirates,2024,12,TV & Radio,361509.57,1326740.14,AED
MKT-UAE-2024-12-IN-,UAE,United Arab Emirates,2024,12,In-Store Promotions,275128.61,1009722.01,AED
MKT-UAE-2024-12-SOC,UAE,United Arab Emirates,2024,12,Social Media,259964.26,954068.82,AED
MKT-UAE-2024-12-OUT,UAE,United Arab Emirates,2024,12,Outdoor Billboards,159248.33,584441.38,AED
MKT-UAE-2024-12-EMA,UAE,United Arab Emirates,2024,12,Email Campaigns,73932.23,271331.27,AED
MKT-FR-2023-01-DIG,FR,France,2023,1,Digital Ads,512855.04,471826.64,EUR
MKT-FR-2023-01-TV ,FR,France,2023,1,TV & Radio,363962.04,334845.08,EUR
MKT-FR-2023-01-IN-,FR,France,2023,1,In-Store Promotions,353771.27,325469.57,EUR
MKT-FR-2023-01-SOC,FR,France,2023,1,Social Media,267397.37,246005.58,EUR
MKT-FR-2023-01-OUT,FR,France,2023,1,Outdoor Billboards,183417.85,168744.42,EUR
MKT-FR-2023-01-EMA,FR,France,2023,1,Email Campaigns,91096.39,83808.67,EUR
MKT-FR-2023-02-DIG,FR,France,2023,2,Digital Ads,538880.31,495769.89,EUR
MKT-FR-2023-02-TV ,FR,France,2023,2,TV & Radio,390612.39,359363.4,EUR
MKT-FR-2023-02-IN-,FR,France,2023,2,In-Store Promotions,401723.5,369585.62,EUR
MKT-FR-2023-02-SOC,FR,France,2023,2,Social Media,250625.95,230575.87,EUR
MKT-FR-2023-02-OUT,FR,France,2023,2,Outdoor Billboards,191017.9,175736.47,EUR
MKT-FR-2023-02-EMA,FR,France,2023,2,Email Campaigns,89369.54,82219.98,EUR
MKT-FR-2023-03-DIG,FR,France,2023,3,Digital Ads,538720.99,495623.31,EUR
MKT-FR-2023-03-TV ,FR,France,2023,3,TV & Radio,380426.98,349992.82,EUR
MKT-FR-2023-03-IN-,FR,France,2023,3,In-Store Promotions,362734.31,333715.56,EUR
MKT-FR-2023-03-SOC,FR,France,2023,3,Social Media,244069.11,224543.58,EUR
MKT-FR-2023-03-OUT,FR,France,2023,3,Outdoor Billboards,189241.98,174102.62,EUR
MKT-FR-2023-03-EMA,FR,France,2023,3,Email Campaigns,83964.42,77247.26,EUR
MKT-FR-2023-04-DIG,FR,France,2023,4,Digital Ads,524606.25,482637.75,EUR
MKT-FR-2023-04-TV ,FR,France,2023,4,TV & Radio,416427.61,383113.4,EUR
MKT-FR-2023-04-IN-,FR,France,2023,4,In-Store Promotions,397327.64,365541.43,EUR
MKT-FR-2023-04-SOC,FR,France,2023,4,Social Media,253052.66,232808.45,EUR
MKT-FR-2023-04-OUT,FR,France,2023,4,Outdoor Billboards,187439.53,172444.37,EUR
MKT-FR-2023-04-EMA,FR,France,2023,4,Email Campaigns,100223.86,92205.95,EUR
MKT-FR-2023-05-DIG,FR,France,2023,5,Digital Ads,503824.22,463518.28,EUR
MKT-FR-2023-05-TV ,FR,France,2023,5,TV & Radio,363924.16,334810.23,EUR
MKT-FR-2023-05-IN-,FR,France,2023,5,In-Store Promotions,371850.65,342102.59,EUR
MKT-FR-2023-05-SOC,FR,France,2023,5,Social Media,265305.12,244080.71,EUR
MKT-FR-2023-05-OUT,FR,France,2023,5,Outdoor Billboards,196758.1,181017.45,EUR
MKT-FR-2023-05-EMA,FR,France,2023,5,Email Campaigns,91793.76,84450.26,EUR
MKT-FR-2023-06-DIG,FR,France,2023,6,Digital Ads,630991.11,580511.82,EUR
MKT-FR-2023-06-TV ,FR,France,2023,6,TV & Radio,508803.16,468098.9,EUR
MKT-FR-2023-06-IN-,FR,France,2023,6,In-Store Promotions,417573.19,384167.33,EUR
MKT-FR-2023-06-SOC,FR,France,2023,6,Social Media,303855.44,279547.0,EUR
MKT-FR-2023-06-OUT,FR,France,2023,6,Outdoor Billboards,206250.65,189750.6,EUR
MKT-FR-2023-06-EMA,FR,France,2023,6,Email Campaigns,95368.18,87738.73,EUR
MKT-FR-2023-07-DIG,FR,France,2023,7,Digital Ads,474784.04,436801.32,EUR
MKT-FR-2023-07-TV ,FR,France,2023,7,TV & Radio,434937.17,400142.19,EUR
MKT-FR-2023-07-IN-,FR,France,2023,7,In-Store Promotions,390243.99,359024.47,EUR
MKT-FR-2023-07-SOC,FR,France,2023,7,Social Media,259838.86,239051.75,EUR
MKT-FR-2023-07-OUT,FR,France,2023,7,Outdoor Billboards,193239.44,177780.29,EUR
MKT-FR-2023-07-EMA,FR,France,2023,7,Email Campaigns,82143.59,75572.1,EUR
MKT-FR-2023-08-DIG,FR,France,2023,8,Digital Ads,555927.8,511453.58,EUR
MKT-FR-2023-08-TV ,FR,France,2023,8,TV & Radio,419290.61,385747.36,EUR
MKT-FR-2023-08-IN-,FR,France,2023,8,In-Store Promotions,377108.64,346939.95,EUR
MKT-FR-2023-08-SOC,FR,France,2023,8,Social Media,243029.98,223587.58,EUR
MKT-FR-2023-08-OUT,FR,France,2023,8,Outdoor Billboards,199416.11,183462.82,EUR
MKT-FR-2023-08-EMA,FR,France,2023,8,Email Campaigns,82331.91,75745.36,EUR
MKT-FR-2023-09-DIG,FR,France,2023,9,Digital Ads,525736.75,483677.81,EUR
MKT-FR-2023-09-TV ,FR,France,2023,9,TV & Radio,406382.02,373871.46,EUR
MKT-FR-2023-09-IN-,FR,France,2023,9,In-Store Promotions,398848.36,366940.49,EUR
MKT-FR-2023-09-SOC,FR,France,2023,9,Social Media,266200.57,244904.52,EUR
MKT-FR-2023-09-OUT,FR,France,2023,9,Outdoor Billboards,188515.18,173433.97,EUR
MKT-FR-2023-09-EMA,FR,France,2023,9,Email Campaigns,80924.69,74450.72,EUR
MKT-FR-2023-10-DIG,FR,France,2023,10,Digital Ads,517589.38,476182.23,EUR
MKT-FR-2023-10-TV ,FR,France,2023,10,TV & Radio,379946.44,349550.72,EUR
MKT-FR-2023-10-IN-,FR,France,2023,10,In-Store Promotions,346903.65,319151.36,EUR
MKT-FR-2023-10-SOC,FR,France,2023,10,Social Media,256170.45,235676.81,EUR
MKT-FR-2023-10-OUT,FR,France,2023,10,Outdoor Billboards,160881.42,148010.9,EUR
MKT-FR-2023-10-EMA,FR,France,2023,10,Email Campaigns,81826.99,75280.83,EUR
MKT-FR-2023-11-DIG,FR,France,2023,11,Digital Ads,628558.71,578274.02,EUR
MKT-FR-2023-11-TV ,FR,France,2023,11,TV & Radio,444560.75,408995.89,EUR
MKT-FR-2023-11-IN-,FR,France,2023,11,In-Store Promotions,437353.15,402364.9,EUR
MKT-FR-2023-11-SOC,FR,France,2023,11,Social Media,337717.75,310700.33,EUR
MKT-FR-2023-11-OUT,FR,France,2023,11,Outdoor Billboards,223822.86,205917.03,EUR
MKT-FR-2023-11-EMA,FR,France,2023,11,Email Campaigns,115411.55,106178.63,EUR
MKT-FR-2023-12-DIG,FR,France,2023,12,Digital Ads,612188.23,563213.17,EUR
MKT-FR-2023-12-TV ,FR,France,2023,12,TV & Radio,473574.65,435688.68,EUR
MKT-FR-2023-12-IN-,FR,France,2023,12,In-Store Promotions,468773.68,431271.79,EUR
MKT-FR-2023-12-SOC,FR,France,2023,12,Social Media,382613.92,352004.8,EUR
MKT-FR-2023-12-OUT,FR,France,2023,12,Outdoor Billboards,252229.82,232051.43,EUR
MKT-FR-2023-12-EMA,FR,France,2023,12,Email Campaigns,113848.14,104740.29,EUR
MKT-FR-2024-01-DIG,FR,France,2024,1,Digital Ads,533871.48,491161.76,EUR
MKT-FR-2024-01-TV ,FR,France,2024,1,TV & Radio,398668.08,366774.64,EUR
MKT-FR-2024-01-IN-,FR,France,2024,1,In-Store Promotions,393603.25,362114.99,EUR
MKT-FR-2024-01-SOC,FR,France,2024,1,Social Media,280354.0,257925.68,EUR
MKT-FR-2024-01-OUT,FR,France,2024,1,Outdoor Billboards,193805.62,178301.17,EUR
MKT-FR-2024-01-EMA,FR,France,2024,1,Email Campaigns,94064.95,86539.75,EUR
MKT-FR-2024-02-DIG,FR,France,2024,2,Digital Ads,478517.61,440236.2,EUR
MKT-FR-2024-02-TV ,FR,France,2024,2,TV & Radio,403229.72,370971.35,EUR
MKT-FR-2024-02-IN-,FR,France,2024,2,In-Store Promotions,324618.0,298648.56,EUR
MKT-FR-2024-02-SOC,FR,France,2024,2,Social Media,275452.75,253416.53,EUR
MKT-FR-2024-02-OUT,FR,France,2024,2,Outdoor Billboards,194413.78,178860.68,EUR
MKT-FR-2024-02-EMA,FR,France,2024,2,Email Campaigns,94273.53,86731.64,EUR
MKT-FR-2024-03-DIG,FR,France,2024,3,Digital Ads,465258.49,428037.81,EUR
MKT-FR-2024-03-TV ,FR,France,2024,3,TV & Radio,357649.73,329037.75,EUR
MKT-FR-2024-03-IN-,FR,France,2024,3,In-Store Promotions,398070.55,366224.9,EUR
MKT-FR-2024-03-SOC,FR,France,2024,3,Social Media,262223.44,241245.57,EUR
MKT-FR-2024-03-OUT,FR,France,2024,3,Outdoor Billboards,173669.21,159775.67,EUR
MKT-FR-2024-03-EMA,FR,France,2024,3,Email Campaigns,100233.59,92214.9,EUR
MKT-FR-2024-04-DIG,FR,France,2024,4,Digital Ads,456463.32,419946.26,EUR
MKT-FR-2024-04-TV ,FR,France,2024,4,TV & Radio,427971.72,393733.98,EUR
MKT-FR-2024-04-IN-,FR,France,2024,4,In-Store Promotions,350830.55,322764.11,EUR
MKT-FR-2024-04-SOC,FR,France,2024,4,Social Media,296555.5,272831.06,EUR
MKT-FR-2024-04-OUT,FR,France,2024,4,Outdoor Billboards,185285.72,170462.86,EUR
MKT-FR-2024-04-EMA,FR,France,2024,4,Email Campaigns,98126.43,90276.32,EUR
MKT-FR-2024-05-DIG,FR,France,2024,5,Digital Ads,496383.92,456673.21,EUR
MKT-FR-2024-05-TV ,FR,France,2024,5,TV & Radio,433670.38,398976.75,EUR
MKT-FR-2024-05-IN-,FR,France,2024,5,In-Store Promotions,336899.19,309947.26,EUR
MKT-FR-2024-05-SOC,FR,France,2024,5,Social Media,262359.27,241370.53,EUR
MKT-FR-2024-05-OUT,FR,France,2024,5,Outdoor Billboards,172681.59,158867.06,EUR
MKT-FR-2024-05-EMA,FR,France,2024,5,Email Campaigns,83068.37,76422.9,EUR
MKT-FR-2024-06-DIG,FR,France,2024,6,Digital Ads,520814.19,479149.05,EUR
MKT-FR-2024-06-TV ,FR,France,2024,6,TV & Radio,426144.27,392052.73,EUR
MKT-FR-2024-06-IN-,FR,France,2024,6,In-Store Promotions,377724.24,347506.3,EUR
MKT-FR-2024-06-SOC,FR,France,2024,6,Social Media,302839.62,278612.45,EUR
MKT-FR-2024-06-OUT,FR,France,2024,6,Outdoor Billboards,201809.26,185664.52,EUR
MKT-FR-2024-06-EMA,FR,France,2024,6,Email Campaigns,91857.5,84508.9,EUR
MKT-FR-2024-07-DIG,FR,France,2024,7,Digital Ads,458807.65,422103.04,EUR
MKT-FR-2024-07-TV ,FR,France,2024,7,TV & Radio,393257.4,361796.81,EUR
MKT-FR-2024-07-IN-,FR,France,2024,7,In-Store Promotions,336796.4,309852.69,EUR
MKT-FR-2024-07-SOC,FR,France,2024,7,Social Media,243520.72,224039.06,EUR
MKT-FR-2024-07-OUT,FR,France,2024,7,Outdoor Billboards,190227.31,175009.13,EUR
MKT-FR-2024-07-EMA,FR,France,2024,7,Email Campaigns,85072.57,78266.76,EUR
MKT-FR-2024-08-DIG,FR,France,2024,8,Digital Ads,487025.66,448063.61,EUR
MKT-FR-2024-08-TV ,FR,France,2024,8,TV & Radio,376248.14,346148.29,EUR
MKT-FR-2024-08-IN-,FR,France,2024,8,In-Store Promotions,318288.66,292825.57,EUR
MKT-FR-2024-08-SOC,FR,France,2024,8,Social Media,295063.18,271458.12,EUR
MKT-FR-2024-08-OUT,FR,France,2024,8,Outdoor Billboards,173650.95,159758.88,EUR
MKT-FR-2024-08-EMA,FR,France,2024,8,Email Campaigns,93539.27,86056.13,EUR
MKT-FR-2024-09-DIG,FR,France,2024,9,Digital Ads,446744.79,411005.2,EUR
MKT-FR-2024-09-TV ,FR,France,2024,9,TV & Radio,406400.91,373888.84,EUR
MKT-FR-2024-09-IN-,FR,France,2024,9,In-Store Promotions,352431.35,324236.84,EUR
MKT-FR-2024-09-SOC,FR,France,2024,9,Social Media,239307.79,220163.16,EUR
MKT-FR-2024-09-OUT,FR,France,2024,9,Outdoor Billboards,174651.93,160679.77,EUR
MKT-FR-2024-09-EMA,FR,France,2024,9,Email Campaigns,87089.77,80122.59,EUR
MKT-FR-2024-10-DIG,FR,France,2024,10,Digital Ads,467915.04,430481.83,EUR
MKT-FR-2024-10-TV ,FR,France,2024,10,TV & Radio,420923.92,387250.01,EUR
MKT-FR-2024-10-IN-,FR,France,2024,10,In-Store Promotions,346200.53,318504.49,EUR
MKT-FR-2024-10-SOC,FR,France,2024,10,Social Media,263902.15,242789.98,EUR
MKT-FR-2024-10-OUT,FR,France,2024,10,Outdoor Billboards,195626.05,179975.97,EUR
MKT-FR-2024-10-EMA,FR,France,2024,10,Email Campaigns,94173.11,86639.26,EUR
MKT-FR-2024-11-DIG,FR,France,2024,11,Digital Ads,624942.44,574947.05,EUR
MKT-FR-2024-11-TV ,FR,France,2024,11,TV & Radio,421453.75,387737.45,EUR
MKT-FR-2024-11-IN-,FR,France,2024,11,In-Store Promotions,396581.22,364854.72,EUR
MKT-FR-2024-11-SOC,FR,France,2024,11,Social Media,334009.04,307288.32,EUR
MKT-FR-2024-11-OUT,FR,France,2024,11,Outdoor Billboards,201953.14,185796.89,EUR
MKT-FR-2024-11-EMA,FR,France,2024,11,Email Campaigns,109935.87,101141.0,EUR
MKT-FR-2024-12-DIG,FR,France,2024,12,Digital Ads,578692.56,532397.15,EUR
MKT-FR-2024-12-TV ,FR,France,2024,12,TV & Radio,521389.47,479678.31,EUR
MKT-FR-2024-12-IN-,FR,France,2024,12,In-Store Promotions,482035.61,443472.76,EUR
MKT-FR-2024-12-SOC,FR,France,2024,12,Social Media,322222.9,296445.07,EUR
MKT-FR-2024-12-OUT,FR,France,2024,12,Outdoor Billboards,248218.24,228360.78,EUR
MKT-FR-2024-12-EMA,FR,France,2024,12,Email Campaigns,124586.12,114619.23,EUR
MKT-EG-2023-01-DIG,EG,Egypt,2023,1,Digital Ads,233589.43,7217913.31,EGP
MKT-EG-2023-01-TV ,EG,Egypt,2023,1,TV & Radio,157441.01,4864927.08,EGP
MKT-EG-2023-01-IN-,EG,Egypt,2023,1,In-Store Promotions,155383.52,4801350.92,EGP
MKT-EG-2023-01-SOC,EG,Egypt,2023,1,Social Media,131545.95,4064769.87,EGP
MKT-EG-2023-01-OUT,EG,Egypt,2023,1,Outdoor Billboards,81376.04,2514519.52,EGP
MKT-EG-2023-01-EMA,EG,Egypt,2023,1,Email Campaigns,43316.49,1338479.55,EGP
MKT-EG-2023-02-DIG,EG,Egypt,2023,2,Digital Ads,220893.16,6825598.51,EGP
MKT-EG-2023-02-TV ,EG,Egypt,2023,2,TV & Radio,191764.22,5925514.29,EGP
MKT-EG-2023-02-IN-,EG,Egypt,2023,2,In-Store Promotions,152023.87,4697537.62,EGP
MKT-EG-2023-02-SOC,EG,Egypt,2023,2,Social Media,108285.56,3346023.85,EGP
MKT-EG-2023-02-OUT,EG,Egypt,2023,2,Outdoor Billboards,73896.62,2283405.63,EGP
MKT-EG-2023-02-EMA,EG,Egypt,2023,2,Email Campaigns,39991.6,1235740.29,EGP
MKT-EG-2023-03-DIG,EG,Egypt,2023,3,Digital Ads,234385.78,7242520.74,EGP
MKT-EG-2023-03-TV ,EG,Egypt,2023,3,TV & Radio,160723.17,4966346.09,EGP
MKT-EG-2023-03-IN-,EG,Egypt,2023,3,In-Store Promotions,142706.56,4409632.83,EGP
MKT-EG-2023-03-SOC,EG,Egypt,2023,3,Social Media,107314.67,3316023.2,EGP
MKT-EG-2023-03-OUT,EG,Egypt,2023,3,Outdoor Billboards,86732.27,2680027.11,EGP
MKT-EG-2023-03-EMA,EG,Egypt,2023,3,Email Campaigns,39253.52,1212933.87,EGP
MKT-EG-2023-04-DIG,EG,Egypt,2023,4,Digital Ads,205551.94,6351554.98,EGP
MKT-EG-2023-04-TV ,EG,Egypt,2023,4,TV & Radio,156867.7,4847211.92,EGP
MKT-EG-2023-04-IN-,EG,Egypt,2023,4,In-Store Promotions,145091.31,4483321.61,EGP
MKT-EG-2023-04-SOC,EG,Egypt,2023,4,Social Media,113921.99,3520189.59,EGP
MKT-EG-2023-04-OUT,EG,Egypt,2023,4,Outdoor Billboards,77542.39,2396059.77,EGP
MKT-EG-2023-04-EMA,EG,Egypt,2023,4,Email Campaigns,38505.6,1189823.19,EGP
MKT-EG-2023-05-DIG,EG,Egypt,2023,5,Digital Ads,212624.6,6570099.99,EGP
MKT-EG-2023-05-TV ,EG,Egypt,2023,5,TV & Radio,195869.78,6052376.22,EGP
MKT-EG-2023-05-IN-,EG,Egypt,2023,5,In-Store Promotions,170462.14,5267279.98,EGP
MKT-EG-2023-05-SOC,EG,Egypt,2023,5,Social Media,118295.46,3655329.75,EGP
MKT-EG-2023-05-OUT,EG,Egypt,2023,5,Outdoor Billboards,76308.47,2357931.86,EGP
MKT-EG-2023-05-EMA,EG,Egypt,2023,5,Email Campaigns,41881.91,1294150.9,EGP
MKT-EG-2023-06-DIG,EG,Egypt,2023,6,Digital Ads,230072.09,7109227.58,EGP
MKT-EG-2023-06-TV ,EG,Egypt,2023,6,TV & Radio,218168.08,6741393.82,EGP
MKT-EG-2023-06-IN-,EG,Egypt,2023,6,In-Store Promotions,189312.52,5849756.97,EGP
MKT-EG-2023-06-SOC,EG,Egypt,2023,6,Social Media,151567.59,4683438.5,EGP
MKT-EG-2023-06-OUT,EG,Egypt,2023,6,Outdoor Billboards,95649.18,2955559.81,EGP
MKT-EG-2023-06-EMA,EG,Egypt,2023,6,Email Campaigns,46590.61,1439649.79,EGP
MKT-EG-2023-07-DIG,EG,Egypt,2023,7,Digital Ads,309819.4,9573419.37,EGP
MKT-EG-2023-07-TV ,EG,Egypt,2023,7,TV & Radio,239630.13,7404571.06,EGP
MKT-EG-2023-07-IN-,EG,Egypt,2023,7,In-Store Promotions,208126.41,6431105.95,EGP
MKT-EG-2023-07-SOC,EG,Egypt,2023,7,Social Media,168832.09,5216911.45,EGP
MKT-EG-2023-07-OUT,EG,Egypt,2023,7,Outdoor Billboards,103506.44,3198349.12,EGP
MKT-EG-2023-07-EMA,EG,Egypt,2023,7,Email Campaigns,60019.8,1854611.67,EGP
MKT-EG-2023-08-DIG,EG,Egypt,2023,8,Digital Ads,324498.16,10026993.07,EGP
MKT-EG-2023-08-TV ,EG,Egypt,2023,8,TV & Radio,214016.93,6613123.05,EGP
MKT-EG-2023-08-IN-,EG,Egypt,2023,8,In-Store Promotions,213437.41,6595216.12,EGP
MKT-EG-2023-08-SOC,EG,Egypt,2023,8,Social Media,144333.13,4459893.67,EGP
MKT-EG-2023-08-OUT,EG,Egypt,2023,8,Outdoor Billboards,112245.66,3468390.77,EGP
MKT-EG-2023-08-EMA,EG,Egypt,2023,8,Email Campaigns,58623.76,1811474.28,EGP
MKT-EG-2023-09-DIG,EG,Egypt,2023,9,Digital Ads,325817.05,10067746.84,EGP
MKT-EG-2023-09-TV ,EG,Egypt,2023,9,TV & Radio,218540.17,6752891.25,EGP
MKT-EG-2023-09-IN-,EG,Egypt,2023,9,In-Store Promotions,206348.32,6376163.03,EGP
MKT-EG-2023-09-SOC,EG,Egypt,2023,9,Social Media,160377.17,4955654.59,EGP
MKT-EG-2023-09-OUT,EG,Egypt,2023,9,Outdoor Billboards,109904.22,3396040.42,EGP
MKT-EG-2023-09-EMA,EG,Egypt,2023,9,Email Campaigns,51913.26,1604119.68,EGP
MKT-EG-2023-10-DIG,EG,Egypt,2023,10,Digital Ads,280949.79,8681348.51,EGP
MKT-EG-2023-10-TV ,EG,Egypt,2023,10,TV & Radio,247635.01,7651921.88,EGP
MKT-EG-2023-10-IN-,EG,Egypt,2023,10,In-Store Promotions,218841.84,6762212.75,EGP
MKT-EG-2023-10-SOC,EG,Egypt,2023,10,Social Media,177404.43,5481796.8,EGP
MKT-EG-2023-10-OUT,EG,Egypt,2023,10,Outdoor Billboards,118818.23,3671483.46,EGP
MKT-EG-2023-10-EMA,EG,Egypt,2023,10,Email Campaigns,49437.5,1527618.8,EGP
MKT-EG-2023-11-DIG,EG,Egypt,2023,11,Digital Ads,373286.92,11534565.81,EGP
MKT-EG-2023-11-TV ,EG,Egypt,2023,11,TV & Radio,289700.7,8951751.53,EGP
MKT-EG-2023-11-IN-,EG,Egypt,2023,11,In-Store Promotions,258620.95,7991387.44,EGP
MKT-EG-2023-11-SOC,EG,Egypt,2023,11,Social Media,199519.6,6165155.61,EGP
MKT-EG-2023-11-OUT,EG,Egypt,2023,11,Outdoor Billboards,128498.08,3970590.55,EGP
MKT-EG-2023-11-EMA,EG,Egypt,2023,11,Email Campaigns,61780.78,1909026.07,EGP
MKT-EG-2023-12-DIG,EG,Egypt,2023,12,Digital Ads,407737.9,12599101.03,EGP
MKT-EG-2023-12-TV ,EG,Egypt,2023,12,TV & Radio,278601.33,8608781.06,EGP
MKT-EG-2023-12-IN-,EG,Egypt,2023,12,In-Store Promotions,277930.45,8588050.88,EGP
MKT-EG-2023-12-SOC,EG,Egypt,2023,12,Social Media,200918.86,6208392.65,EGP
MKT-EG-2023-12-OUT,EG,Egypt,2023,12,Outdoor Billboards,133238.84,4117080.09,EGP
MKT-EG-2023-12-EMA,EG,Egypt,2023,12,Email Campaigns,67699.28,2091907.84,EGP
MKT-EG-2024-01-DIG,EG,Egypt,2024,1,Digital Ads,268383.62,8293053.92,EGP
MKT-EG-2024-01-TV ,EG,Egypt,2024,1,TV & Radio,223429.77,6903979.79,EGP
MKT-EG-2024-01-IN-,EG,Egypt,2024,1,In-Store Promotions,218316.19,6745970.12,EGP
MKT-EG-2024-01-SOC,EG,Egypt,2024,1,Social Media,143673.22,4439502.57,EGP
MKT-EG-2024-01-OUT,EG,Egypt,2024,1,Outdoor Billboards,104071.19,3215799.75,EGP
MKT-EG-2024-01-EMA,EG,Egypt,2024,1,Email Campaigns,47664.96,1472847.17,EGP
MKT-EG-2024-02-DIG,EG,Egypt,2024,2,Digital Ads,300179.81,9275556.15,EGP
MKT-EG-2024-02-TV ,EG,Egypt,2024,2,TV & Radio,259341.85,8013663.11,EGP
MKT-EG-2024-02-IN-,EG,Egypt,2024,2,In-Store Promotions,227515.99,7030244.2,EGP
MKT-EG-2024-02-SOC,EG,Egypt,2024,2,Social Media,172193.52,5320779.74,EGP
MKT-EG-2024-02-OUT,EG,Egypt,2024,2,Outdoor Billboards,98108.36,3031548.4,EGP
MKT-EG-2024-02-EMA,EG,Egypt,2024,2,Email Campaigns,58690.73,1813543.43,EGP
MKT-EG-2024-03-DIG,EG,Egypt,2024,3,Digital Ads,298381.4,9219985.4,EGP
MKT-EG-2024-03-TV ,EG,Egypt,2024,3,TV & Radio,211928.97,6548605.05,EGP
MKT-EG-2024-03-IN-,EG,Egypt,2024,3,In-Store Promotions,233238.15,7207058.76,EGP
MKT-EG-2024-03-SOC,EG,Egypt,2024,3,Social Media,152097.65,4699817.39,EGP
MKT-EG-2024-03-OUT,EG,Egypt,2024,3,Outdoor Billboards,105608.41,3263299.86,EGP
MKT-EG-2024-03-EMA,EG,Egypt,2024,3,Email Campaigns,49151.2,1518772.22,EGP
MKT-EG-2024-04-DIG,EG,Egypt,2024,4,Digital Ads,273841.18,8461692.54,EGP
MKT-EG-2024-04-TV ,EG,Egypt,2024,4,TV & Radio,222980.97,6890112.04,EGP
MKT-EG-2024-04-IN-,EG,Egypt,2024,4,In-Store Promotions,201910.11,6239022.44,EGP
MKT-EG-2024-04-SOC,EG,Egypt,2024,4,Social Media,156346.74,4831114.13,EGP
MKT-EG-2024-04-OUT,EG,Egypt,2024,4,Outdoor Billboards,102687.17,3173033.49,EGP
MKT-EG-2024-04-EMA,EG,Egypt,2024,4,Email Campaigns,52367.32,1618150.3,EGP
MKT-EG-2024-05-DIG,EG,Egypt,2024,5,Digital Ads,266405.58,8231932.41,EGP
MKT-EG-2024-05-TV ,EG,Egypt,2024,5,TV & Radio,219193.53,6773080.12,EGP
MKT-EG-2024-05-IN-,EG,Egypt,2024,5,In-Store Promotions,216880.9,6701619.89,EGP
MKT-EG-2024-05-SOC,EG,Egypt,2024,5,Social Media,164732.29,5090227.74,EGP
MKT-EG-2024-05-OUT,EG,Egypt,2024,5,Outdoor Billboards,113287.64,3500587.99,EGP
MKT-EG-2024-05-EMA,EG,Egypt,2024,5,Email Campaigns,58991.74,1822844.89,EGP
MKT-EG-2024-06-DIG,EG,Egypt,2024,6,Digital Ads,352430.08,10890089.47,EGP
MKT-EG-2024-06-TV ,EG,Egypt,2024,6,TV & Radio,292011.66,9023160.18,EGP
MKT-EG-2024-06-IN-,EG,Egypt,2024,6,In-Store Promotions,217522.3,6721439.13,EGP
MKT-EG-2024-06-SOC,EG,Egypt,2024,6,Social Media,200466.39,6194411.57,EGP
MKT-EG-2024-06-OUT,EG,Egypt,2024,6,Outdoor Billboards,117743.71,3638280.62,EGP
MKT-EG-2024-06-EMA,EG,Egypt,2024,6,Email Campaigns,56709.07,1752310.26,EGP
MKT-EG-2024-07-DIG,EG,Egypt,2024,7,Digital Ads,330559.61,10214291.95,EGP
MKT-EG-2024-07-TV ,EG,Egypt,2024,7,TV & Radio,246957.94,7631000.21,EGP
MKT-EG-2024-07-IN-,EG,Egypt,2024,7,In-Store Promotions,209814.01,6483252.87,EGP
MKT-EG-2024-07-SOC,EG,Egypt,2024,7,Social Media,152111.69,4700251.3,EGP
MKT-EG-2024-07-OUT,EG,Egypt,2024,7,Outdoor Billboards,98429.12,3041459.7,EGP
MKT-EG-2024-07-EMA,EG,Egypt,2024,7,Email Campaigns,56607.67,1749176.9,EGP
MKT-EG-2024-08-DIG,EG,Egypt,2024,8,Digital Ads,295181.2,9121098.96,EGP
MKT-EG-2024-08-TV ,EG,Egypt,2024,8,TV & Radio,241254.43,7454761.89,EGP
MKT-EG-2024-08-IN-,EG,Egypt,2024,8,In-Store Promotions,206316.02,6375164.98,EGP
MKT-EG-2024-08-SOC,EG,Egypt,2024,8,Social Media,176053.63,5440057.23,EGP
MKT-EG-2024-08-OUT,EG,Egypt,2024,8,Outdoor Billboards,96857.76,2992904.65,EGP
MKT-EG-2024-08-EMA,EG,Egypt,2024,8,Email Campaigns,51852.22,1602233.73,EGP
MKT-EG-2024-09-DIG,EG,Egypt,2024,9,Digital Ads,315240.48,9740930.74,EGP
MKT-EG-2024-09-TV ,EG,Egypt,2024,9,TV & Radio,239639.22,7404851.75,EGP
MKT-EG-2024-09-IN-,EG,Egypt,2024,9,In-Store Promotions,198296.25,6127354.07,EGP
MKT-EG-2024-09-SOC,EG,Egypt,2024,9,Social Media,154134.89,4762768.06,EGP
MKT-EG-2024-09-OUT,EG,Egypt,2024,9,Outdoor Billboards,105528.18,3260820.79,EGP
MKT-EG-2024-09-EMA,EG,Egypt,2024,9,Email Campaigns,49679.5,1535096.67,EGP
MKT-EG-2024-10-DIG,EG,Egypt,2024,10,Digital Ads,318498.48,9841603.13,EGP
MKT-EG-2024-10-TV ,EG,Egypt,2024,10,TV & Radio,227248.98,7021993.58,EGP
MKT-EG-2024-10-IN-,EG,Egypt,2024,10,In-Store Promotions,190049.81,5872539.13,EGP
MKT-EG-2024-10-SOC,EG,Egypt,2024,10,Social Media,168804.02,5216044.16,EGP
MKT-EG-2024-10-OUT,EG,Egypt,2024,10,Outdoor Billboards,117594.94,3633683.73,EGP
MKT-EG-2024-10-EMA,EG,Egypt,2024,10,Email Campaigns,52705.65,1628604.47,EGP
MKT-EG-2024-11-DIG,EG,Egypt,2024,11,Digital Ads,353215.62,10914362.57,EGP
MKT-EG-2024-11-TV ,EG,Egypt,2024,11,TV & Radio,295360.01,9126624.19,EGP
MKT-EG-2024-11-IN-,EG,Egypt,2024,11,In-Store Promotions,229095.21,7079041.96,EGP
MKT-EG-2024-11-SOC,EG,Egypt,2024,11,Social Media,167179.21,5165837.64,EGP
MKT-EG-2024-11-OUT,EG,Egypt,2024,11,Outdoor Billboards,110691.65,3420371.89,EGP
MKT-EG-2024-11-EMA,EG,Egypt,2024,11,Email Campaigns,60380.36,1865753.19,EGP
MKT-EG-2024-12-DIG,EG,Egypt,2024,12,Digital Ads,414395.46,12804819.75,EGP
MKT-EG-2024-12-TV ,EG,Egypt,2024,12,TV & Radio,272324.82,8414836.9,EGP
MKT-EG-2024-12-IN-,EG,Egypt,2024,12,In-Store Promotions,260176.91,8039466.41,EGP
MKT-EG-2024-12-SOC,EG,Egypt,2024,12,Social Media,203884.53,6300032.08,EGP
MKT-EG-2024-12-OUT,EG,Egypt,2024,12,Outdoor Billboards,148375.61,4584806.46,EGP
MKT-EG-2024-12-EMA,EG,Egypt,2024,12,Email Campaigns,67302.25,2079639.4,EGP
MKT-PK-2023-01-DIG,PK,Pakistan,2023,1,Digital Ads,138981.19,38636770.75,PKR
MKT-PK-2023-01-TV ,PK,Pakistan,2023,1,TV & Radio,103981.9,28906966.87,PKR
MKT-PK-2023-01-IN-,PK,Pakistan,2023,1,In-Store Promotions,80673.28,22427173.17,PKR
MKT-PK-2023-01-SOC,PK,Pakistan,2023,1,Social Media,75133.19,20887026.89,PKR
MKT-PK-2023-01-OUT,PK,Pakistan,2023,1,Outdoor Billboards,40582.76,11282005.97,PKR
MKT-PK-2023-01-EMA,PK,Pakistan,2023,1,Email Campaigns,20748.48,5768076.96,PKR
MKT-PK-2023-02-DIG,PK,Pakistan,2023,2,Digital Ads,140101.2,38948133.57,PKR
MKT-PK-2023-02-TV ,PK,Pakistan,2023,2,TV & Radio,105088.09,29214489.23,PKR
MKT-PK-2023-02-IN-,PK,Pakistan,2023,2,In-Store Promotions,96108.5,26718163.53,PKR
MKT-PK-2023-02-SOC,PK,Pakistan,2023,2,Social Media,70877.88,19704051.98,PKR
MKT-PK-2023-02-OUT,PK,Pakistan,2023,2,Outdoor Billboards,43831.73,12185221.97,PKR
MKT-PK-2023-02-EMA,PK,Pakistan,2023,2,Email Campaigns,23175.83,6442879.95,PKR
MKT-PK-2023-03-DIG,PK,Pakistan,2023,3,Digital Ads,124212.69,34531127.7,PKR
MKT-PK-2023-03-TV ,PK,Pakistan,2023,3,TV & Radio,96593.53,26853001.73,PKR
MKT-PK-2023-03-IN-,PK,Pakistan,2023,3,In-Store Promotions,80250.16,22309543.39,PKR
MKT-PK-2023-03-SOC,PK,Pakistan,2023,3,Social Media,70358.17,19559571.2,PKR
MKT-PK-2023-03-OUT,PK,Pakistan,2023,3,Outdoor Billboards,47103.47,13094763.83,PKR
MKT-PK-2023-03-EMA,PK,Pakistan,2023,3,Email Campaigns,23323.16,6483839.63,PKR
MKT-PK-2023-04-DIG,PK,Pakistan,2023,4,Digital Ads,129128.81,35897808.59,PKR
MKT-PK-2023-04-TV ,PK,Pakistan,2023,4,TV & Radio,92824.63,25805246.52,PKR
MKT-PK-2023-04-IN-,PK,Pakistan,2023,4,In-Store Promotions,99932.88,27781339.55,PKR
MKT-PK-2023-04-SOC,PK,Pakistan,2023,4,Social Media,67749.73,18834424.96,PKR
MKT-PK-2023-04-OUT,PK,Pakistan,2023,4,Outdoor Billboards,47985.17,13339876.9,PKR
MKT-PK-2023-04-EMA,PK,Pakistan,2023,4,Email Campaigns,23714.46,6592620.34,PKR
MKT-PK-2023-05-DIG,PK,Pakistan,2023,5,Digital Ads,115715.75,32168977.69,PKR
MKT-PK-2023-05-TV ,PK,Pakistan,2023,5,TV & Radio,87737.03,24390893.67,PKR
MKT-PK-2023-05-IN-,PK,Pakistan,2023,5,In-Store Promotions,85170.3,23677343.96,PKR
MKT-PK-2023-05-SOC,PK,Pakistan,2023,5,Social Media,60941.36,16941699.25,PKR
MKT-PK-2023-05-OUT,PK,Pakistan,2023,5,Outdoor Billboards,42295.1,11758038.78,PKR
MKT-PK-2023-05-EMA,PK,Pakistan,2023,5,Email Campaigns,21326.08,5928649.0,PKR
MKT-PK-2023-06-DIG,PK,Pakistan,2023,6,Digital Ads,136127.37,37843408.62,PKR
MKT-PK-2023-06-TV ,PK,Pakistan,2023,6,TV & Radio,113073.32,31434382.84,PKR
MKT-PK-2023-06-IN-,PK,Pakistan,2023,6,In-Store Promotions,91869.01,25539584.1,PKR
MKT-PK-2023-06-SOC,PK,Pakistan,2023,6,Social Media,82631.51,22971560.34,PKR
MKT-PK-2023-06-OUT,PK,Pakistan,2023,6,Outdoor Billboards,49983.31,13895360.34,PKR
MKT-PK-2023-06-EMA,PK,Pakistan,2023,6,Email Campaigns,26187.46,7280115.09,PKR
MKT-PK-2023-07-DIG,PK,Pakistan,2023,7,Digital Ads,123475.35,34326147.08,PKR
MKT-PK-2023-07-TV ,PK,Pakistan,2023,7,TV & Radio,87912.41,24439650.0,PKR
MKT-PK-2023-07-IN-,PK,Pakistan,2023,7,In-Store Promotions,84163.57,23397473.59,PKR
MKT-PK-2023-07-SOC,PK,Pakistan,2023,7,Social Media,63916.19,17768701.1,PKR
MKT-PK-2023-07-OUT,PK,Pakistan,2023,7,Outdoor Billboards,46300.32,12871488.77,PKR
MKT-PK-2023-07-EMA,PK,Pakistan,2023,7,Email Campaigns,23530.0,6541340.22,PKR
MKT-PK-2023-08-DIG,PK,Pakistan,2023,8,Digital Ads,127551.61,35459348.97,PKR
MKT-PK-2023-08-TV ,PK,Pakistan,2023,8,TV & Radio,87488.02,24321670.5,PKR
MKT-PK-2023-08-IN-,PK,Pakistan,2023,8,In-Store Promotions,87894.78,24434749.18,PKR
MKT-PK-2023-08-SOC,PK,Pakistan,2023,8,Social Media,71211.06,19796675.34,PKR
MKT-PK-2023-08-OUT,PK,Pakistan,2023,8,Outdoor Billboards,44696.17,12425534.77,PKR
MKT-PK-2023-08-EMA,PK,Pakistan,2023,8,Email Campaigns,23904.48,6645445.32,PKR
MKT-PK-2023-09-DIG,PK,Pakistan,2023,9,Digital Ads,122797.74,34137771.79,PKR
MKT-PK-2023-09-TV ,PK,Pakistan,2023,9,TV & Radio,96625.49,26861887.29,PKR
MKT-PK-2023-09-IN-,PK,Pakistan,2023,9,In-Store Promotions,85311.83,23716688.29,PKR
MKT-PK-2023-09-SOC,PK,Pakistan,2023,9,Social Media,66138.8,18386585.07,PKR
MKT-PK-2023-09-OUT,PK,Pakistan,2023,9,Outdoor Billboards,42279.41,11753675.75,PKR
MKT-PK-2023-09-EMA,PK,Pakistan,2023,9,Email Campaigns,21957.42,6104161.45,PKR
MKT-PK-2023-10-DIG,PK,Pakistan,2023,10,Digital Ads,132621.75,36868846.49,PKR
MKT-PK-2023-10-TV ,PK,Pakistan,2023,10,TV & Radio,98403.98,27356305.43,PKR
MKT-PK-2023-10-IN-,PK,Pakistan,2023,10,In-Store Promotions,80643.83,22418984.6,PKR
MKT-PK-2023-10-SOC,PK,Pakistan,2023,10,Social Media,70501.23,19599341.17,PKR
MKT-PK-2023-10-OUT,PK,Pakistan,2023,10,Outdoor Billboards,42165.1,11721896.84,PKR
MKT-PK-2023-10-EMA,PK,Pakistan,2023,10,Email Campaigns,22344.26,6211703.66,PKR
MKT-PK-2023-11-DIG,PK,Pakistan,2023,11,Digital Ads,131216.08,36478071.24,PKR
MKT-PK-2023-11-TV ,PK,Pakistan,2023,11,TV & Radio,114500.06,31831015.42,PKR
MKT-PK-2023-11-IN-,PK,Pakistan,2023,11,In-Store Promotions,104898.77,29161856.83,PKR
MKT-PK-2023-11-SOC,PK,Pakistan,2023,11,Social Media,74621.09,20744661.64,PKR
MKT-PK-2023-11-OUT,PK,Pakistan,2023,11,Outdoor Billboards,48037.27,13354360.93,PKR
MKT-PK-2023-11-EMA,PK,Pakistan,2023,11,Email Campaigns,24631.1,6847445.66,PKR
MKT-PK-2023-12-DIG,PK,Pakistan,2023,12,Digital Ads,177643.46,49384881.0,PKR
MKT-PK-2023-12-TV ,PK,Pakistan,2023,12,TV & Radio,115816.61,32197017.24,PKR
MKT-PK-2023-12-IN-,PK,Pakistan,2023,12,In-Store Promotions,114004.48,31693245.61,PKR
MKT-PK-2023-12-SOC,PK,Pakistan,2023,12,Social Media,84466.52,23481693.08,PKR
MKT-PK-2023-12-OUT,PK,Pakistan,2023,12,Outdoor Billboards,61381.02,17063922.48,PKR
MKT-PK-2023-12-EMA,PK,Pakistan,2023,12,Email Campaigns,28106.9,7813718.65,PKR
MKT-PK-2024-01-DIG,PK,Pakistan,2024,1,Digital Ads,133074.73,36994775.44,PKR
MKT-PK-2024-01-TV ,PK,Pakistan,2024,1,TV & Radio,99631.33,27697510.45,PKR
MKT-PK-2024-01-IN-,PK,Pakistan,2024,1,In-Store Promotions,81854.51,22755554.26,PKR
MKT-PK-2024-01-SOC,PK,Pakistan,2024,1,Social Media,68811.17,19129505.96,PKR
MKT-PK-2024-01-OUT,PK,Pakistan,2024,1,Outdoor Billboards,40908.74,11372629.41,PKR
MKT-PK-2024-01-EMA,PK,Pakistan,2024,1,Email Campaigns,20547.18,5712115.79,PKR
MKT-PK-2024-02-DIG,PK,Pakistan,2024,2,Digital Ads,125196.86,34804727.36,PKR
MKT-PK-2024-02-TV ,PK,Pakistan,2024,2,TV & Radio,92039.59,25587005.34,PKR
MKT-PK-2024-02-IN-,PK,Pakistan,2024,2,In-Store Promotions,97886.92,27212562.66,PKR
MKT-PK-2024-02-SOC,PK,Pakistan,2024,2,Social Media,74424.0,20689873.39,PKR
MKT-PK-2024-02-OUT,PK,Pakistan,2024,2,Outdoor Billboards,43490.16,12090264.44,PKR
MKT-PK-2024-02-EMA,PK,Pakistan,2024,2,Email Campaigns,21336.17,5931455.86,PKR
MKT-PK-2024-03-DIG,PK,Pakistan,2024,3,Digital Ads,137151.59,38128142.15,PKR
MKT-PK-2024-03-TV ,PK,Pakistan,2024,3,TV & Radio,104488.36,29047764.95,PKR
MKT-PK-2024-03-IN-,PK,Pakistan,2024,3,In-Store Promotions,87010.48,24188914.06,PKR
MKT-PK-2024-03-SOC,PK,Pakistan,2024,3,Social Media,70716.55,19659200.97,PKR
MKT-PK-2024-03-OUT,PK,Pakistan,2024,3,Outdoor Billboards,46178.99,12837759.56,PKR
MKT-PK-2024-03-EMA,PK,Pakistan,2024,3,Email Campaigns,24207.91,6729797.79,PKR
MKT-PK-2024-04-DIG,PK,Pakistan,2024,4,Digital Ads,120962.24,33627504.07,PKR
MKT-PK-2024-04-TV ,PK,Pakistan,2024,4,TV & Radio,105834.48,29421986.64,PKR
MKT-PK-2024-04-IN-,PK,Pakistan,2024,4,In-Store Promotions,100284.97,27879221.19,PKR
MKT-PK-2024-04-SOC,PK,Pakistan,2024,4,Social Media,64649.73,17972626.11,PKR
MKT-PK-2024-04-OUT,PK,Pakistan,2024,4,Outdoor Billboards,48132.21,13380754.5,PKR
MKT-PK-2024-04-EMA,PK,Pakistan,2024,4,Email Campaigns,20140.97,5599190.49,PKR
MKT-PK-2024-05-DIG,PK,Pakistan,2024,5,Digital Ads,119836.33,33314500.2,PKR
MKT-PK-2024-05-TV ,PK,Pakistan,2024,5,TV & Radio,94647.16,26311909.14,PKR
MKT-PK-2024-05-IN-,PK,Pakistan,2024,5,In-Store Promotions,82109.93,22826561.48,PKR
MKT-PK-2024-05-SOC,PK,Pakistan,2024,5,Social Media,68033.62,18913346.58,PKR
MKT-PK-2024-05-OUT,PK,Pakistan,2024,5,Outdoor Billboards,48454.34,13470307.83,PKR
MKT-PK-2024-05-EMA,PK,Pakistan,2024,5,Email Campaigns,20119.68,5593272.28,PKR
MKT-PK-2024-06-DIG,PK,Pakistan,2024,6,Digital Ads,154592.36,42976677.3,PKR
MKT-PK-2024-06-TV ,PK,Pakistan,2024,6,TV & Radio,109872.45,30544541.27,PKR
MKT-PK-2024-06-IN-,PK,Pakistan,2024,6,In-Store Promotions,104945.21,29174767.21,PKR
MKT-PK-2024-06-SOC,PK,Pakistan,2024,6,Social Media,72494.91,20153584.36,PKR
MKT-PK-2024-06-OUT,PK,Pakistan,2024,6,Outdoor Billboards,53941.41,14995712.53,PKR
MKT-PK-2024-06-EMA,PK,Pakistan,2024,6,Email Campaigns,25622.92,7123171.43,PKR
MKT-PK-2024-07-DIG,PK,Pakistan,2024,7,Digital Ads,132658.64,36879100.67,PKR
MKT-PK-2024-07-TV ,PK,Pakistan,2024,7,TV & Radio,106608.77,29637237.72,PKR
MKT-PK-2024-07-IN-,PK,Pakistan,2024,7,In-Store Promotions,86361.66,24008541.62,PKR
MKT-PK-2024-07-SOC,PK,Pakistan,2024,7,Social Media,60844.98,16914904.54,PKR
MKT-PK-2024-07-OUT,PK,Pakistan,2024,7,Outdoor Billboards,46563.78,12944731.4,PKR
MKT-PK-2024-07-EMA,PK,Pakistan,2024,7,Email Campaigns,21589.4,6001852.41,PKR
MKT-PK-2024-08-DIG,PK,Pakistan,2024,8,Digital Ads,128163.88,35629558.61,PKR
MKT-PK-2024-08-TV ,PK,Pakistan,2024,8,TV & Radio,103888.03,28880871.68,PKR
MKT-PK-2024-08-IN-,PK,Pakistan,2024,8,In-Store Promotions,99325.35,27612446.64,PKR
MKT-PK-2024-08-SOC,PK,Pakistan,2024,8,Social Media,66476.72,18480527.96,PKR
MKT-PK-2024-08-OUT,PK,Pakistan,2024,8,Outdoor Billboards,41875.41,11641364.76,PKR
MKT-PK-2024-08-EMA,PK,Pakistan,2024,8,Email Campaigns,19831.74,5513224.55,PKR
MKT-PK-2024-09-DIG,PK,Pakistan,2024,9,Digital Ads,120656.33,33542460.18,PKR
MKT-PK-2024-09-TV ,PK,Pakistan,2024,9,TV & Radio,89413.99,24857088.5,PKR
MKT-PK-2024-09-IN-,PK,Pakistan,2024,9,In-Store Promotions,94339.28,26226319.92,PKR
MKT-PK-2024-09-SOC,PK,Pakistan,2024,9,Social Media,72241.23,20083062.77,PKR
MKT-PK-2024-09-OUT,PK,Pakistan,2024,9,Outdoor Billboards,49381.8,13728141.22,PKR
MKT-PK-2024-09-EMA,PK,Pakistan,2024,9,Email Campaigns,23094.07,6420150.94,PKR
MKT-PK-2024-10-DIG,PK,Pakistan,2024,10,Digital Ads,125259.72,34822202.39,PKR
MKT-PK-2024-10-TV ,PK,Pakistan,2024,10,TV & Radio,91321.89,25387484.9,PKR
MKT-PK-2024-10-IN-,PK,Pakistan,2024,10,In-Store Promotions,80286.53,22319655.55,PKR
MKT-PK-2024-10-SOC,PK,Pakistan,2024,10,Social Media,72035.77,20025942.87,PKR
MKT-PK-2024-10-OUT,PK,Pakistan,2024,10,Outdoor Billboards,48423.11,13461625.31,PKR
MKT-PK-2024-10-EMA,PK,Pakistan,2024,10,Email Campaigns,23966.23,6662611.44,PKR
MKT-PK-2024-11-DIG,PK,Pakistan,2024,11,Digital Ads,152509.29,42397581.82,PKR
MKT-PK-2024-11-TV ,PK,Pakistan,2024,11,TV & Radio,111598.02,31024249.56,PKR
MKT-PK-2024-11-IN-,PK,Pakistan,2024,11,In-Store Promotions,106772.93,29682874.74,PKR
MKT-PK-2024-11-SOC,PK,Pakistan,2024,11,Social Media,77234.68,21471241.31,PKR
MKT-PK-2024-11-OUT,PK,Pakistan,2024,11,Outdoor Billboards,48643.29,13522835.2,PKR
MKT-PK-2024-11-EMA,PK,Pakistan,2024,11,Email Campaigns,28860.15,8023122.64,PKR
MKT-PK-2024-12-DIG,PK,Pakistan,2024,12,Digital Ads,172783.41,48033787.61,PKR
MKT-PK-2024-12-TV ,PK,Pakistan,2024,12,TV & Radio,137380.59,38191804.48,PKR
MKT-PK-2024-12-IN-,PK,Pakistan,2024,12,In-Store Promotions,107218.19,29806657.49,PKR
MKT-PK-2024-12-SOC,PK,Pakistan,2024,12,Social Media,97978.8,27238105.49,PKR
MKT-PK-2024-12-OUT,PK,Pakistan,2024,12,Outdoor Billboards,63255.09,17584915.38,PKR
MKT-PK-2024-12-EMA,PK,Pakistan,2024,12,Email Campaigns,30931.92,8599074.64,PKR
MKT-BR-2023-01-DIG,BR,Brazil,2023,1,Digital Ads,266751.36,1325754.27,BRL
MKT-BR-2023-01-TV ,BR,Brazil,2023,1,TV & Radio,197828.62,983208.23,BRL
MKT-BR-2023-01-IN-,BR,Brazil,2023,1,In-Store Promotions,212746.36,1057349.39,BRL
MKT-BR-2023-01-SOC,BR,Brazil,2023,1,Social Media,136229.65,677061.35,BRL
MKT-BR-2023-01-OUT,BR,Brazil,2023,1,Outdoor Billboards,98810.12,491086.31,BRL
MKT-BR-2023-01-EMA,BR,Brazil,2023,1,Email Campaigns,42911.36,213269.46,BRL
MKT-BR-2023-02-DIG,BR,Brazil,2023,2,Digital Ads,239831.34,1191961.74,BRL
MKT-BR-2023-02-TV ,BR,Brazil,2023,2,TV & Radio,207529.82,1031423.19,BRL
MKT-BR-2023-02-IN-,BR,Brazil,2023,2,In-Store Promotions,187186.45,930316.67,BRL
MKT-BR-2023-02-SOC,BR,Brazil,2023,2,Social Media,133485.87,663424.79,BRL
MKT-BR-2023-02-OUT,BR,Brazil,2023,2,Outdoor Billboards,104633.64,520029.19,BRL
MKT-BR-2023-02-EMA,BR,Brazil,2023,2,Email Campaigns,45823.62,227743.37,BRL
MKT-BR-2023-03-DIG,BR,Brazil,2023,3,Digital Ads,271127.38,1347503.1,BRL
MKT-BR-2023-03-TV ,BR,Brazil,2023,3,TV & Radio,222123.68,1103954.7,BRL
MKT-BR-2023-03-IN-,BR,Brazil,2023,3,In-Store Promotions,176195.46,875691.46,BRL
MKT-BR-2023-03-SOC,BR,Brazil,2023,3,Social Media,158808.41,789277.81,BRL
MKT-BR-2023-03-OUT,BR,Brazil,2023,3,Outdoor Billboards,95202.31,473155.48,BRL
MKT-BR-2023-03-EMA,BR,Brazil,2023,3,Email Campaigns,45283.38,225058.38,BRL
MKT-BR-2023-04-DIG,BR,Brazil,2023,4,Digital Ads,262376.62,1304011.81,BRL
MKT-BR-2023-04-TV ,BR,Brazil,2023,4,TV & Radio,233899.17,1162478.9,BRL
MKT-BR-2023-04-IN-,BR,Brazil,2023,4,In-Store Promotions,169246.07,841152.97,BRL
MKT-BR-2023-04-SOC,BR,Brazil,2023,4,Social Media,158985.33,790157.1,BRL
MKT-BR-2023-04-OUT,BR,Brazil,2023,4,Outdoor Billboards,87894.92,436837.74,BRL
MKT-BR-2023-04-EMA,BR,Brazil,2023,4,Email Campaigns,47207.23,234619.95,BRL
MKT-BR-2023-05-DIG,BR,Brazil,2023,5,Digital Ads,238647.76,1186079.39,BRL
MKT-BR-2023-05-TV ,BR,Brazil,2023,5,TV & Radio,188629.89,937490.56,BRL
MKT-BR-2023-05-IN-,BR,Brazil,2023,5,In-Store Promotions,185337.23,921126.06,BRL
MKT-BR-2023-05-SOC,BR,Brazil,2023,5,Social Media,158485.16,787671.22,BRL
MKT-BR-2023-05-OUT,BR,Brazil,2023,5,Outdoor Billboards,85947.33,427158.25,BRL
MKT-BR-2023-05-EMA,BR,Brazil,2023,5,Email Campaigns,51817.51,257533.02,BRL
MKT-BR-2023-06-DIG,BR,Brazil,2023,6,Digital Ads,286229.2,1422559.14,BRL
MKT-BR-2023-06-TV ,BR,Brazil,2023,6,TV & Radio,259297.42,1288708.18,BRL
MKT-BR-2023-06-IN-,BR,Brazil,2023,6,In-Store Promotions,196566.6,976936.03,BRL
MKT-BR-2023-06-SOC,BR,Brazil,2023,6,Social Media,159464.25,792537.31,BRL
MKT-BR-2023-06-OUT,BR,Brazil,2023,6,Outdoor Billboards,106615.51,529879.09,BRL
MKT-BR-2023-06-EMA,BR,Brazil,2023,6,Email Campaigns,51743.85,257166.95,BRL
MKT-BR-2023-07-DIG,BR,Brazil,2023,7,Digital Ads,272080.52,1352240.18,BRL
MKT-BR-2023-07-TV ,BR,Brazil,2023,7,TV & Radio,191468.05,951596.22,BRL
MKT-BR-2023-07-IN-,BR,Brazil,2023,7,In-Store Promotions,175179.73,870643.26,BRL
MKT-BR-2023-07-SOC,BR,Brazil,2023,7,Social Media,132295.0,657506.13,BRL
MKT-BR-2023-07-OUT,BR,Brazil,2023,7,Outdoor Billboards,91518.55,454847.18,BRL
MKT-BR-2023-07-EMA,BR,Brazil,2023,7,Email Campaigns,42750.17,212468.35,BRL
MKT-BR-2023-08-DIG,BR,Brazil,2023,8,Digital Ads,248822.71,1236648.87,BRL
MKT-BR-2023-08-TV ,BR,Brazil,2023,8,TV & Radio,186087.52,924854.96,BRL
MKT-BR-2023-08-IN-,BR,Brazil,2023,8,In-Store Promotions,184921.6,919060.36,BRL
MKT-BR-2023-08-SOC,BR,Brazil,2023,8,Social Media,151315.79,752039.48,BRL
MKT-BR-2023-08-OUT,BR,Brazil,2023,8,Outdoor Billboards,100525.99,499614.15,BRL
MKT-BR-2023-08-EMA,BR,Brazil,2023,8,Email Campaigns,52452.66,260689.74,BRL
MKT-BR-2023-09-DIG,BR,Brazil,2023,9,Digital Ads,261520.42,1299756.49,BRL
MKT-BR-2023-09-TV ,BR,Brazil,2023,9,TV & Radio,200269.05,995337.17,BRL
MKT-BR-2023-09-IN-,BR,Brazil,2023,9,In-Store Promotions,198380.32,985950.17,BRL
MKT-BR-2023-09-SOC,BR,Brazil,2023,9,Social Media,132555.77,658802.19,BRL
MKT-BR-2023-09-OUT,BR,Brazil,2023,9,Outdoor Billboards,95807.13,476161.42,BRL
MKT-BR-2023-09-EMA,BR,Brazil,2023,9,Email Campaigns,48544.39,241265.62,BRL
MKT-BR-2023-10-DIG,BR,Brazil,2023,10,Digital Ads,260751.71,1295936.02,BRL
MKT-BR-2023-10-TV ,BR,Brazil,2023,10,TV & Radio,228426.52,1135279.79,BRL
MKT-BR-2023-10-IN-,BR,Brazil,2023,10,In-Store Promotions,169577.38,842799.56,BRL
MKT-BR-2023-10-SOC,BR,Brazil,2023,10,Social Media,132538.1,658714.35,BRL
MKT-BR-2023-10-OUT,BR,Brazil,2023,10,Outdoor Billboards,93686.28,465620.82,BRL
MKT-BR-2023-10-EMA,BR,Brazil,2023,10,Email Campaigns,46642.09,231811.18,BRL
MKT-BR-2023-11-DIG,BR,Brazil,2023,11,Digital Ads,330439.52,1642284.39,BRL
MKT-BR-2023-11-TV ,BR,Brazil,2023,11,TV & Radio,263187.53,1308042.03,BRL
MKT-BR-2023-11-IN-,BR,Brazil,2023,11,In-Store Promotions,202322.25,1005541.58,BRL
MKT-BR-2023-11-SOC,BR,Brazil,2023,11,Social Media,181130.05,900216.35,BRL
MKT-BR-2023-11-OUT,BR,Brazil,2023,11,Outdoor Billboards,113437.75,563785.61,BRL
MKT-BR-2023-11-EMA,BR,Brazil,2023,11,Email Campaigns,56003.88,278339.29,BRL
MKT-BR-2023-12-DIG,BR,Brazil,2023,12,Digital Ads,328871.97,1634493.69,BRL
MKT-BR-2023-12-TV ,BR,Brazil,2023,12,TV & Radio,285279.86,1417840.92,BRL
MKT-BR-2023-12-IN-,BR,Brazil,2023,12,In-Store Promotions,272375.6,1353706.75,BRL
MKT-BR-2023-12-SOC,BR,Brazil,2023,12,Social Media,171684.46,853271.79,BRL
MKT-BR-2023-12-OUT,BR,Brazil,2023,12,Outdoor Billboards,115411.23,573593.83,BRL
MKT-BR-2023-12-EMA,BR,Brazil,2023,12,Email Campaigns,66242.98,329227.63,BRL
MKT-BR-2024-01-DIG,BR,Brazil,2024,1,Digital Ads,263268.26,1308443.28,BRL
MKT-BR-2024-01-TV ,BR,Brazil,2024,1,TV & Radio,201457.16,1001242.1,BRL
MKT-BR-2024-01-IN-,BR,Brazil,2024,1,In-Store Promotions,183535.7,912172.44,BRL
MKT-BR-2024-01-SOC,BR,Brazil,2024,1,Social Media,143837.25,714871.13,BRL
MKT-BR-2024-01-OUT,BR,Brazil,2024,1,Outdoor Billboards,98465.83,489375.2,BRL
MKT-BR-2024-01-EMA,BR,Brazil,2024,1,Email Campaigns,49303.83,245040.02,BRL
MKT-BR-2024-02-DIG,BR,Brazil,2024,2,Digital Ads,267362.09,1328789.6,BRL
MKT-BR-2024-02-TV ,BR,Brazil,2024,2,TV & Radio,215256.51,1069824.85,BRL
MKT-BR-2024-02-IN-,BR,Brazil,2024,2,In-Store Promotions,208990.76,1038684.1,BRL
MKT-BR-2024-02-SOC,BR,Brazil,2024,2,Social Media,126105.65,626745.09,BRL
MKT-BR-2024-02-OUT,BR,Brazil,2024,2,Outdoor Billboards,89946.49,447034.04,BRL
MKT-BR-2024-02-EMA,BR,Brazil,2024,2,Email Campaigns,46269.75,229960.67,BRL
MKT-BR-2024-03-DIG,BR,Brazil,2024,3,Digital Ads,286560.38,1424205.11,BRL
MKT-BR-2024-03-TV ,BR,Brazil,2024,3,TV & Radio,210423.89,1045806.72,BRL
MKT-BR-2024-03-IN-,BR,Brazil,2024,3,In-Store Promotions,182767.59,908354.94,BRL
MKT-BR-2024-03-SOC,BR,Brazil,2024,3,Social Media,134470.34,668317.59,BRL
MKT-BR-2024-03-OUT,BR,Brazil,2024,3,Outdoor Billboards,103725.49,515515.67,BRL
MKT-BR-2024-03-EMA,BR,Brazil,2024,3,Email Campaigns,47066.97,233922.84,BRL
MKT-BR-2024-04-DIG,BR,Brazil,2024,4,Digital Ads,292481.04,1453630.79,BRL
MKT-BR-2024-04-TV ,BR,Brazil,2024,4,TV & Radio,201379.85,1000857.85,BRL
MKT-BR-2024-04-IN-,BR,Brazil,2024,4,In-Store Promotions,187695.4,932846.14,BRL
MKT-BR-2024-04-SOC,BR,Brazil,2024,4,Social Media,147876.81,734947.75,BRL
MKT-BR-2024-04-OUT,BR,Brazil,2024,4,Outdoor Billboards,96962.82,481905.19,BRL
MKT-BR-2024-04-EMA,BR,Brazil,2024,4,Email Campaigns,44832.63,222818.18,BRL
MKT-BR-2024-05-DIG,BR,Brazil,2024,5,Digital Ads,250502.17,1244995.81,BRL
MKT-BR-2024-05-TV ,BR,Brazil,2024,5,TV & Radio,220389.97,1095338.17,BRL
MKT-BR-2024-05-IN-,BR,Brazil,2024,5,In-Store Promotions,172312.37,856392.49,BRL
MKT-BR-2024-05-SOC,BR,Brazil,2024,5,Social Media,141072.78,701131.72,BRL
MKT-BR-2024-05-OUT,BR,Brazil,2024,5,Outdoor Billboards,94188.22,468115.43,BRL
MKT-BR-2024-05-EMA,BR,Brazil,2024,5,Email Campaigns,49394.77,245491.99,BRL
MKT-BR-2024-06-DIG,BR,Brazil,2024,6,Digital Ads,329683.68,1638527.91,BRL
MKT-BR-2024-06-TV ,BR,Brazil,2024,6,TV & Radio,257638.86,1280465.15,BRL
MKT-BR-2024-06-IN-,BR,Brazil,2024,6,In-Store Promotions,219469.95,1090765.64,BRL
MKT-BR-2024-06-SOC,BR,Brazil,2024,6,Social Media,161672.85,803514.06,BRL
MKT-BR-2024-06-OUT,BR,Brazil,2024,6,Outdoor Billboards,106953.85,531560.66,BRL
MKT-BR-2024-06-EMA,BR,Brazil,2024,6,Email Campaigns,56515.75,280883.27,BRL
MKT-BR-2024-07-DIG,BR,Brazil,2024,7,Digital Ads,292196.87,1452218.43,BRL
MKT-BR-2024-07-TV ,BR,Brazil,2024,7,TV & Radio,233376.38,1159880.59,BRL
MKT-BR-2024-07-IN-,BR,Brazil,2024,7,In-Store Promotions,193030.34,959360.79,BRL
MKT-BR-2024-07-SOC,BR,Brazil,2024,7,Social Media,136466.46,678238.32,BRL
MKT-BR-2024-07-OUT,BR,Brazil,2024,7,Outdoor Billboards,95795.17,476101.98,BRL
MKT-BR-2024-07-EMA,BR,Brazil,2024,7,Email Campaigns,43444.11,215917.2,BRL
MKT-BR-2024-08-DIG,BR,Brazil,2024,8,Digital Ads,239383.65,1189736.72,BRL
MKT-BR-2024-08-TV ,BR,Brazil,2024,8,TV & Radio,197305.41,980607.88,BRL
MKT-BR-2024-08-IN-,BR,Brazil,2024,8,In-Store Promotions,172290.07,856281.65,BRL
MKT-BR-2024-08-SOC,BR,Brazil,2024,8,Social Media,131200.24,652065.21,BRL
MKT-BR-2024-08-OUT,BR,Brazil,2024,8,Outdoor Billboards,104755.68,520635.74,BRL
MKT-BR-2024-08-EMA,BR,Brazil,2024,8,Email Campaigns,44250.56,219925.28,BRL
MKT-BR-2024-09-DIG,BR,Brazil,2024,9,Digital Ads,251665.48,1250777.44,BRL
MKT-BR-2024-09-TV ,BR,Brazil,2024,9,TV & Radio,192507.72,956763.36,BRL
MKT-BR-2024-09-IN-,BR,Brazil,2024,9,In-Store Promotions,200821.71,998083.89,BRL
MKT-BR-2024-09-SOC,BR,Brazil,2024,9,Social Media,131446.5,653289.12,BRL
MKT-BR-2024-09-OUT,BR,Brazil,2024,9,Outdoor Billboards,105472.08,524196.25,BRL
MKT-BR-2024-09-EMA,BR,Brazil,2024,9,Email Campaigns,44329.52,220317.69,BRL
MKT-BR-2024-10-DIG,BR,Brazil,2024,10,Digital Ads,274484.41,1364187.5,BRL
MKT-BR-2024-10-TV ,BR,Brazil,2024,10,TV & Radio,195862.29,973435.6,BRL
MKT-BR-2024-10-IN-,BR,Brazil,2024,10,In-Store Promotions,180803.58,898593.8,BRL
MKT-BR-2024-10-SOC,BR,Brazil,2024,10,Social Media,150704.07,748999.23,BRL
MKT-BR-2024-10-OUT,BR,Brazil,2024,10,Outdoor Billboards,97793.27,486032.55,BRL
MKT-BR-2024-10-EMA,BR,Brazil,2024,10,Email Campaigns,52893.28,262879.59,BRL
MKT-BR-2024-11-DIG,BR,Brazil,2024,11,Digital Ads,311176.16,1546545.54,BRL
MKT-BR-2024-11-TV ,BR,Brazil,2024,11,TV & Radio,219254.92,1089696.96,BRL
MKT-BR-2024-11-IN-,BR,Brazil,2024,11,In-Store Promotions,212478.75,1056019.36,BRL
MKT-BR-2024-11-SOC,BR,Brazil,2024,11,Social Media,158453.29,787512.86,BRL
MKT-BR-2024-11-OUT,BR,Brazil,2024,11,Outdoor Billboards,106611.41,529858.71,BRL
MKT-BR-2024-11-EMA,BR,Brazil,2024,11,Email Campaigns,52835.49,262592.41,BRL
MKT-BR-2024-12-DIG,BR,Brazil,2024,12,Digital Ads,308187.28,1531690.77,BRL
MKT-BR-2024-12-TV ,BR,Brazil,2024,12,TV & Radio,254522.03,1264974.49,BRL
MKT-BR-2024-12-IN-,BR,Brazil,2024,12,In-Store Promotions,258825.66,1286363.51,BRL
MKT-BR-2024-12-SOC,BR,Brazil,2024,12,Social Media,182460.82,906830.29,BRL
MKT-BR-2024-12-OUT,BR,Brazil,2024,12,Outdoor Billboards,136186.76,676848.18,BRL
MKT-BR-2024-12-EMA,BR,Brazil,2024,12,Email Campaigns,59541.66,295922.05,BRL
